Date,Crime_Count
2012-01-01,1451
2012-01-02,700
2012-01-03,805
2012-01-04,799
2012-01-05,871
2012-01-06,913
2012-01-07,859
2012-01-08,800
2012-01-09,881
2012-01-10,896
2012-01-11,886
2012-01-12,743
2012-01-13,751
2012-01-14,780
2012-01-15,772
2012-01-16,825
2012-01-17,843
2012-01-18,791
2012-01-19,747
2012-01-20,683
2012-01-21,716
2012-01-22,682
2012-01-23,833
2012-01-24,898
2012-01-25,962
2012-01-26,924
2012-01-27,932
2012-01-28,807
2012-01-29,813
2012-01-30,867
2012-01-31,964
2012-02-01,1034
2012-02-02,878
2012-02-03,897
2012-02-04,848
2012-02-05,742
2012-02-06,765
2012-02-07,858
2012-02-08,809
2012-02-09,825
2012-02-10,773
2012-02-11,711
2012-02-12,716
2012-02-13,728
2012-02-14,774
2012-02-15,927
2012-02-16,868
2012-02-17,983
2012-02-18,762
2012-02-19,785
2012-02-20,715
2012-02-21,849
2012-02-22,896
2012-02-23,817
2012-02-24,784
2012-02-25,792
2012-02-26,726
2012-02-27,817
2012-02-28,893
2012-02-29,875
2012-03-01,1030
2012-03-02,881
2012-03-03,776
2012-03-04,756
2012-03-05,764
2012-03-06,938
2012-03-07,950
2012-03-08,921
2012-03-09,958
2012-03-10,890
2012-03-11,803
2012-03-12,911
2012-03-13,926
2012-03-14,930
2012-03-15,997
2012-03-16,955
2012-03-17,1069
2012-03-18,919
2012-03-19,978
2012-03-20,990
2012-03-21,1074
2012-03-22,978
2012-03-23,976
2012-03-24,905
2012-03-25,885
2012-03-26,829
2012-03-27,868
2012-03-28,910
2012-03-29,948
2012-03-30,940
2012-03-31,878
2012-04-01,992
2012-04-02,828
2012-04-03,883
2012-04-04,865
2012-04-05,879
2012-04-06,901
2012-04-07,974
2012-04-08,819
2012-04-09,917
2012-04-10,843
2012-04-11,919
2012-04-12,922
2012-04-13,939
2012-04-14,943
2012-04-15,976
2012-04-16,931
2012-04-17,957
2012-04-18,878
2012-04-19,961
2012-04-20,917
2012-04-21,876
2012-04-22,824
2012-04-23,935
2012-04-24,896
2012-04-25,952
2012-04-26,925
2012-04-27,962
2012-04-28,878
2012-04-29,803
2012-04-30,869
2012-05-01,1051
2012-05-02,998
2012-05-03,981
2012-05-04,1030
2012-05-05,948
2012-05-06,841
2012-05-07,972
2012-05-08,1023
2012-05-09,976
2012-05-10,916
2012-05-11,996
2012-05-12,932
2012-05-13,819
2012-05-14,1004
2012-05-15,1038
2012-05-16,947
2012-05-17,954
2012-05-18,977
2012-05-19,931
2012-05-20,955
2012-05-21,886
2012-05-22,949
2012-05-23,1071
2012-05-24,1021
2012-05-25,1081
2012-05-26,910
2012-05-27,927
2012-05-28,1028
2012-05-29,1094
2012-05-30,984
2012-05-31,827
2012-06-01,1210
2012-06-02,943
2012-06-03,991
2012-06-04,979
2012-06-05,949
2012-06-06,1021
2012-06-07,990
2012-06-08,1114
2012-06-09,1049
2012-06-10,1007
2012-06-11,1066
2012-06-12,1087
2012-06-13,1076
2012-06-14,979
2012-06-15,1081
2012-06-16,1059
2012-06-17,946
2012-06-18,1067
2012-06-19,1004
2012-06-20,1097
2012-06-21,1055
2012-06-22,1119
2012-06-23,1128
2012-06-24,1077
2012-06-25,965
2012-06-26,956
2012-06-27,1046
2012-06-28,939
2012-06-29,1042
2012-06-30,1010
2012-07-01,1179
2012-07-02,1055
2012-07-03,1057
2012-07-04,1045
2012-07-05,1010
2012-07-06,1027
2012-07-07,1061
2012-07-08,1090
2012-07-09,1065
2012-07-10,1054
2012-07-11,1028
2012-07-12,1037
2012-07-13,1082
2012-07-14,1054
2012-07-15,1122
2012-07-16,988
2012-07-17,1004
2012-07-18,974
2012-07-19,919
2012-07-20,1072
2012-07-21,1065
2012-07-22,985
2012-07-23,988
2012-07-24,968
2012-07-25,1010
2012-07-26,975
2012-07-27,1040
2012-07-28,1044
2012-07-29,1015
2012-07-30,999
2012-07-31,933
2012-08-01,1092
2012-08-02,1018
2012-08-03,1061
2012-08-04,1000
2012-08-05,960
2012-08-06,961
2012-08-07,951
2012-08-08,971
2012-08-09,934
2012-08-10,914
2012-08-11,993
2012-08-12,943
2012-08-13,867
2012-08-14,961
2012-08-15,1061
2012-08-16,937
2012-08-17,962
2012-08-18,986
2012-08-19,939
2012-08-20,893
2012-08-21,920
2012-08-22,890
2012-08-23,1028
2012-08-24,1033
2012-08-25,1077
2012-08-26,905
2012-08-27,902
2012-08-28,953
2012-08-29,955
2012-08-30,929
2012-08-31,1014
2012-09-01,1166
2012-09-02,895
2012-09-03,890
2012-09-04,913
2012-09-05,861
2012-09-06,1017
2012-09-07,959
2012-09-08,985
2012-09-09,907
2012-09-10,875
2012-09-11,912
2012-09-12,936
2012-09-13,868
2012-09-14,996
2012-09-15,1011
2012-09-16,897
2012-09-17,901
2012-09-18,831
2012-09-19,913
2012-09-20,919
2012-09-21,998
2012-09-22,871
2012-09-23,827
2012-09-24,869
2012-09-25,921
2012-09-26,934
2012-09-27,837
2012-09-28,982
2012-09-29,970
2012-09-30,869
2012-10-01,1046
2012-10-02,905
2012-10-03,919
2012-10-04,879
2012-10-05,914
2012-10-06,807
2012-10-07,768
2012-10-08,900
2012-10-09,890
2012-10-10,959
2012-10-11,866
2012-10-12,963
2012-10-13,875
2012-10-14,860
2012-10-15,938
2012-10-16,873
2012-10-17,955
2012-10-18,894
2012-10-19,942
2012-10-20,961
2012-10-21,925
2012-10-22,839
2012-10-23,892
2012-10-24,1017
2012-10-25,850
2012-10-26,961
2012-10-27,860
2012-10-28,827
2012-10-29,832
2012-10-30,870
2012-10-31,951
2012-11-01,1064
2012-11-02,931
2012-11-03,801
2012-11-04,731
2012-11-05,889
2012-11-06,785
2012-11-07,874
2012-11-08,853
2012-11-09,1001
2012-11-10,976
2012-11-11,884
2012-11-12,795
2012-11-13,824
2012-11-14,847
2012-11-15,946
2012-11-16,941
2012-11-17,872
2012-11-18,848
2012-11-19,866
2012-11-20,925
2012-11-21,891
2012-11-22,660
2012-11-23,787
2012-11-24,838
2012-11-25,813
2012-11-26,798
2012-11-27,806
2012-11-28,858
2012-11-29,916
2012-11-30,990
2012-12-01,1044
2012-12-02,843
2012-12-03,933
2012-12-04,915
2012-12-05,860
2012-12-06,875
2012-12-07,895
2012-12-08,777
2012-12-09,761
2012-12-10,851
2012-12-11,826
2012-12-12,911
2012-12-13,806
2012-12-14,952
2012-12-15,857
2012-12-16,788
2012-12-17,827
2012-12-18,849
2012-12-19,874
2012-12-20,828
2012-12-21,777
2012-12-22,732
2012-12-23,763
2012-12-24,709
2012-12-25,522
2012-12-26,621
2012-12-27,682
2012-12-28,853
2012-12-29,806
2012-12-30,705
2012-12-31,738
2013-01-01,1305
2013-01-02,746
2013-01-03,770
2013-01-04,866
2013-01-05,786
2013-01-06,697
2013-01-07,817
2013-01-08,755
2013-01-09,882
2013-01-10,847
2013-01-11,905
2013-01-12,761
2013-01-13,708
2013-01-14,741
2013-01-15,839
2013-01-16,829
2013-01-17,847
2013-01-18,926
2013-01-19,886
2013-01-20,688
2013-01-21,664
2013-01-22,691
2013-01-23,796
2013-01-24,860
2013-01-25,824
2013-01-26,796
2013-01-27,703
2013-01-28,906
2013-01-29,906
2013-01-30,856
2013-01-31,754
2013-02-01,878
2013-02-02,738
2013-02-03,591
2013-02-04,727
2013-02-05,788
2013-02-06,826
2013-02-07,752
2013-02-08,816
2013-02-09,800
2013-02-10,760
2013-02-11,759
2013-02-12,783
2013-02-13,858
2013-02-14,749
2013-02-15,931
2013-02-16,690
2013-02-17,692
2013-02-18,756
2013-02-19,748
2013-02-20,767
2013-02-21,767
2013-02-22,761
2013-02-23,697
2013-02-24,676
2013-02-25,756
2013-02-26,673
2013-02-27,825
2013-02-28,808
2013-03-01,987
2013-03-02,765
2013-03-03,715
2013-03-04,813
2013-03-05,694
2013-03-06,722
2013-03-07,831
2013-03-08,879
2013-03-09,838
2013-03-10,693
2013-03-11,823
2013-03-12,842
2013-03-13,822
2013-03-14,841
2013-03-15,877
2013-03-16,826
2013-03-17,771
2013-03-18,793
2013-03-19,770
2013-03-20,789
2013-03-21,758
2013-03-22,862
2013-03-23,781
2013-03-24,789
2013-03-25,756
2013-03-26,773
2013-03-27,775
2013-03-28,831
2013-03-29,871
2013-03-30,868
2013-03-31,767
2013-04-01,940
2013-04-02,837
2013-04-03,826
2013-04-04,931
2013-04-05,900
2013-04-06,805
2013-04-07,795
2013-04-08,896
2013-04-09,824
2013-04-10,851
2013-04-11,812
2013-04-12,920
2013-04-13,841
2013-04-14,827
2013-04-15,842
2013-04-16,859
2013-04-17,719
2013-04-18,797
2013-04-19,847
2013-04-20,803
2013-04-21,773
2013-04-22,914
2013-04-23,764
2013-04-24,906
2013-04-25,875
2013-04-26,961
2013-04-27,870
2013-04-28,794
2013-04-29,904
2013-04-30,859
2013-05-01,1159
2013-05-02,826
2013-05-03,903
2013-05-04,911
2013-05-05,827
2013-05-06,874
2013-05-07,907
2013-05-08,965
2013-05-09,834
2013-05-10,915
2013-05-11,833
2013-05-12,831
2013-05-13,894
2013-05-14,906
2013-05-15,1037
2013-05-16,969
2013-05-17,987
2013-05-18,946
2013-05-19,850
2013-05-20,959
2013-05-21,930
2013-05-22,910
2013-05-23,839
2013-05-24,935
2013-05-25,837
2013-05-26,777
2013-05-27,770
2013-05-28,848
2013-05-29,903
2013-05-30,945
2013-05-31,932
2013-06-01,1057
2013-06-02,832
2013-06-03,914
2013-06-04,858
2013-06-05,902
2013-06-06,960
2013-06-07,878
2013-06-08,923
2013-06-09,830
2013-06-10,887
2013-06-11,854
2013-06-12,830
2013-06-13,912
2013-06-14,1006
2013-06-15,894
2013-06-16,953
2013-06-17,1021
2013-06-18,927
2013-06-19,900
2013-06-20,966
2013-06-21,904
2013-06-22,922
2013-06-23,888
2013-06-24,825
2013-06-25,913
2013-06-26,951
2013-06-27,874
2013-06-28,908
2013-06-29,903
2013-06-30,933
2013-07-01,1061
2013-07-02,878
2013-07-03,878
2013-07-04,946
2013-07-05,990
2013-07-06,886
2013-07-07,901
2013-07-08,880
2013-07-09,883
2013-07-10,871
2013-07-11,885
2013-07-12,943
2013-07-13,946
2013-07-14,944
2013-07-15,1017
2013-07-16,907
2013-07-17,931
2013-07-18,920
2013-07-19,903
2013-07-20,918
2013-07-21,929
2013-07-22,1001
2013-07-23,925
2013-07-24,962
2013-07-25,918
2013-07-26,990
2013-07-27,895
2013-07-28,859
2013-07-29,891
2013-07-30,891
2013-07-31,844
2013-08-01,1018
2013-08-02,968
2013-08-03,971
2013-08-04,922
2013-08-05,852
2013-08-06,906
2013-08-07,940
2013-08-08,909
2013-08-09,987
2013-08-10,1019
2013-08-11,893
2013-08-12,981
2013-08-13,899
2013-08-14,881
2013-08-15,923
2013-08-16,925
2013-08-17,944
2013-08-18,882
2013-08-19,938
2013-08-20,960
2013-08-21,864
2013-08-22,905
2013-08-23,902
2013-08-24,940
2013-08-25,948
2013-08-26,939
2013-08-27,884
2013-08-28,900
2013-08-29,873
2013-08-30,933
2013-08-31,816
2013-09-01,1098
2013-09-02,926
2013-09-03,872
2013-09-04,838
2013-09-05,923
2013-09-06,897
2013-09-07,921
2013-09-08,863
2013-09-09,868
2013-09-10,914
2013-09-11,870
2013-09-12,858
2013-09-13,881
2013-09-14,828
2013-09-15,835
2013-09-16,776
2013-09-17,835
2013-09-18,853
2013-09-19,850
2013-09-20,946
2013-09-21,904
2013-09-22,756
2013-09-23,849
2013-09-24,921
2013-09-25,884
2013-09-26,855
2013-09-27,963
2013-09-28,923
2013-09-29,756
2013-09-30,832
2013-10-01,1082
2013-10-02,868
2013-10-03,858
2013-10-04,873
2013-10-05,851
2013-10-06,742
2013-10-07,775
2013-10-08,799
2013-10-09,880
2013-10-10,852
2013-10-11,868
2013-10-12,820
2013-10-13,777
2013-10-14,783
2013-10-15,782
2013-10-16,800
2013-10-17,779
2013-10-18,836
2013-10-19,778
2013-10-20,808
2013-10-21,779
2013-10-22,750
2013-10-23,750
2013-10-24,766
2013-10-25,842
2013-10-26,743
2013-10-27,748
2013-10-28,839
2013-10-29,851
2013-10-30,832
2013-10-31,918
2013-11-01,999
2013-11-02,775
2013-11-03,798
2013-11-04,830
2013-11-05,828
2013-11-06,784
2013-11-07,771
2013-11-08,862
2013-11-09,772
2013-11-10,752
2013-11-11,684
2013-11-12,686
2013-11-13,823
2013-11-14,765
2013-11-15,933
2013-11-16,762
2013-11-17,740
2013-11-18,857
2013-11-19,851
2013-11-20,868
2013-11-21,863
2013-11-22,850
2013-11-23,670
2013-11-24,640
2013-11-25,678
2013-11-26,830
2013-11-27,731
2013-11-28,565
2013-11-29,805
2013-11-30,746
2013-12-01,863
2013-12-02,790
2013-12-03,854
2013-12-04,867
2013-12-05,762
2013-12-06,724
2013-12-07,649
2013-12-08,608
2013-12-09,628
2013-12-10,635
2013-12-11,651
2013-12-12,659
2013-12-13,796
2013-12-14,653
2013-12-15,630
2013-12-16,706
2013-12-17,756
2013-12-18,761
2013-12-19,797
2013-12-20,858
2013-12-21,783
2013-12-22,752
2013-12-23,676
2013-12-24,542
2013-12-25,424
2013-12-26,605
2013-12-27,735
2013-12-28,740
2013-12-29,717
2013-12-30,638
2013-12-31,560
2014-01-01,1069
2014-01-02,480
2014-01-03,559
2014-01-04,576
2014-01-05,404
2014-01-06,363
2014-01-07,465
2014-01-08,598
2014-01-09,611
2014-01-10,634
2014-01-11,653
2014-01-12,687
2014-01-13,759
2014-01-14,685
2014-01-15,744
2014-01-16,688
2014-01-17,745
2014-01-18,663
2014-01-19,647
2014-01-20,694
2014-01-21,589
2014-01-22,622
2014-01-23,622
2014-01-24,685
2014-01-25,677
2014-01-26,593
2014-01-27,545
2014-01-28,592
2014-01-29,728
2014-01-30,750
2014-01-31,743
2014-02-01,777
2014-02-02,579
2014-02-03,677
2014-02-04,645
2014-02-05,558
2014-02-06,608
2014-02-07,692
2014-02-08,602
2014-02-09,648
2014-02-10,615
2014-02-11,593
2014-02-12,604
2014-02-13,642
2014-02-14,691
2014-02-15,638
2014-02-16,585
2014-02-17,596
2014-02-18,629
2014-02-19,705
2014-02-20,647
2014-02-21,718
2014-02-22,645
2014-02-23,631
2014-02-24,632
2014-02-25,649
2014-02-26,662
2014-02-27,612
2014-02-28,697
2014-03-01,716
2014-03-02,550
2014-03-03,590
2014-03-04,627
2014-03-05,636
2014-03-06,658
2014-03-07,757
2014-03-08,680
2014-03-09,621
2014-03-10,812
2014-03-11,696
2014-03-12,658
2014-03-13,716
2014-03-14,823
2014-03-15,842
2014-03-16,636
2014-03-17,703
2014-03-18,817
2014-03-19,760
2014-03-20,777
2014-03-21,797
2014-03-22,736
2014-03-23,646
2014-03-24,696
2014-03-25,699
2014-03-26,724
2014-03-27,719
2014-03-28,783
2014-03-29,769
2014-03-30,737
2014-03-31,736
2014-04-01,895
2014-04-02,718
2014-04-03,714
2014-04-04,811
2014-04-05,752
2014-04-06,707
2014-04-07,759
2014-04-08,745
2014-04-09,774
2014-04-10,808
2014-04-11,785
2014-04-12,869
2014-04-13,679
2014-04-14,684
2014-04-15,743
2014-04-16,771
2014-04-17,834
2014-04-18,785
2014-04-19,752
2014-04-20,689
2014-04-21,726
2014-04-22,733
2014-04-23,736
2014-04-24,769
2014-04-25,845
2014-04-26,777
2014-04-27,672
2014-04-28,721
2014-04-29,787
2014-04-30,796
2014-05-01,858
2014-05-02,864
2014-05-03,745
2014-05-04,720
2014-05-05,844
2014-05-06,825
2014-05-07,767
2014-05-08,765
2014-05-09,862
2014-05-10,814
2014-05-11,741
2014-05-12,810
2014-05-13,813
2014-05-14,787
2014-05-15,752
2014-05-16,838
2014-05-17,802
2014-05-18,859
2014-05-19,787
2014-05-20,763
2014-05-21,834
2014-05-22,788
2014-05-23,807
2014-05-24,757
2014-05-25,824
2014-05-26,776
2014-05-27,760
2014-05-28,801
2014-05-29,771
2014-05-30,825
2014-05-31,848
2014-06-01,1006
2014-06-02,870
2014-06-03,897
2014-06-04,775
2014-06-05,802
2014-06-06,853
2014-06-07,866
2014-06-08,774
2014-06-09,820
2014-06-10,671
2014-06-11,772
2014-06-12,821
2014-06-13,934
2014-06-14,838
2014-06-15,880
2014-06-16,870
2014-06-17,885
2014-06-18,769
2014-06-19,821
2014-06-20,886
2014-06-21,862
2014-06-22,867
2014-06-23,828
2014-06-24,858
2014-06-25,854
2014-06-26,820
2014-06-27,892
2014-06-28,854
2014-06-29,905
2014-06-30,798
2014-07-01,987
2014-07-02,817
2014-07-03,884
2014-07-04,838
2014-07-05,897
2014-07-06,871
2014-07-07,896
2014-07-08,812
2014-07-09,854
2014-07-10,817
2014-07-11,939
2014-07-12,807
2014-07-13,849
2014-07-14,806
2014-07-15,815
2014-07-16,841
2014-07-17,806
2014-07-18,874
2014-07-19,868
2014-07-20,842
2014-07-21,808
2014-07-22,829
2014-07-23,860
2014-07-24,852
2014-07-25,922
2014-07-26,875
2014-07-27,890
2014-07-28,873
2014-07-29,800
2014-07-30,791
2014-07-31,857
2014-08-01,1058
2014-08-02,893
2014-08-03,844
2014-08-04,780
2014-08-05,823
2014-08-06,807
2014-08-07,841
2014-08-08,815
2014-08-09,885
2014-08-10,853
2014-08-11,871
2014-08-12,758
2014-08-13,852
2014-08-14,792
2014-08-15,861
2014-08-16,853
2014-08-17,862
2014-08-18,814
2014-08-19,773
2014-08-20,834
2014-08-21,773
2014-08-22,813
2014-08-23,821
2014-08-24,856
2014-08-25,777
2014-08-26,799
2014-08-27,781
2014-08-28,735
2014-08-29,882
2014-08-30,867
2014-08-31,829
2014-09-01,986
2014-09-02,797
2014-09-03,722
2014-09-04,746
2014-09-05,841
2014-09-06,813
2014-09-07,823
2014-09-08,686
2014-09-09,784
2014-09-10,701
2014-09-11,746
2014-09-12,715
2014-09-13,684
2014-09-14,759
2014-09-15,733
2014-09-16,746
2014-09-17,794
2014-09-18,864
2014-09-19,875
2014-09-20,846
2014-09-21,790
2014-09-22,767
2014-09-23,834
2014-09-24,834
2014-09-25,749
2014-09-26,876
2014-09-27,890
2014-09-28,837
2014-09-29,797
2014-09-30,776
2014-10-01,957
2014-10-02,799
2014-10-03,775
2014-10-04,722
2014-10-05,714
2014-10-06,721
2014-10-07,757
2014-10-08,743
2014-10-09,685
2014-10-10,738
2014-10-11,798
2014-10-12,690
2014-10-13,703
2014-10-14,727
2014-10-15,770
2014-10-16,745
2014-10-17,865
2014-10-18,835
2014-10-19,743
2014-10-20,753
2014-10-21,776
2014-10-22,723
2014-10-23,774
2014-10-24,878
2014-10-25,801
2014-10-26,749
2014-10-27,810
2014-10-28,769
2014-10-29,792
2014-10-30,775
2014-10-31,824
2014-11-01,880
2014-11-02,727
2014-11-03,772
2014-11-04,774
2014-11-05,740
2014-11-06,667
2014-11-07,777
2014-11-08,744
2014-11-09,684
2014-11-10,775
2014-11-11,668
2014-11-12,592
2014-11-13,657
2014-11-14,751
2014-11-15,749
2014-11-16,675
2014-11-17,624
2014-11-18,622
2014-11-19,632
2014-11-20,631
2014-11-21,727
2014-11-22,728
2014-11-23,685
2014-11-24,588
2014-11-25,660
2014-11-26,675
2014-11-27,452
2014-11-28,599
2014-11-29,703
2014-11-30,722
2014-12-01,787
2014-12-02,648
2014-12-03,746
2014-12-04,690
2014-12-05,799
2014-12-06,660
2014-12-07,594
2014-12-08,706
2014-12-09,651
2014-12-10,726
2014-12-11,637
2014-12-12,724
2014-12-13,767
2014-12-14,710
2014-12-15,725
2014-12-16,657
2014-12-17,735
2014-12-18,664
2014-12-19,765
2014-12-20,736
2014-12-21,647
2014-12-22,645
2014-12-23,671
2014-12-24,567
2014-12-25,438
2014-12-26,623
2014-12-27,716
2014-12-28,631
2014-12-29,677
2014-12-30,570
2014-12-31,579
2015-01-01,1030
2015-01-02,670
2015-01-03,648
2015-01-04,513
2015-01-05,517
2015-01-06,501
2015-01-07,472
2015-01-08,444
2015-01-09,585
2015-01-10,642
2015-01-11,648
2015-01-12,606
2015-01-13,608
2015-01-14,673
2015-01-15,756
2015-01-16,706
2015-01-17,741
2015-01-18,694
2015-01-19,706
2015-01-20,791
2015-01-21,740
2015-01-22,747
2015-01-23,799
2015-01-24,755
2015-01-25,644
2015-01-26,655
2015-01-27,671
2015-01-28,644
2015-01-29,701
2015-01-30,714
2015-01-31,635
2015-02-01,531
2015-02-02,466
2015-02-03,506
2015-02-04,576
2015-02-05,568
2015-02-06,691
2015-02-07,676
2015-02-08,613
2015-02-09,606
2015-02-10,624
2015-02-11,603
2015-02-12,607
2015-02-13,628
2015-02-14,597
2015-02-15,548
2015-02-16,536
2015-02-17,594
2015-02-18,507
2015-02-19,463
2015-02-20,649
2015-02-21,650
2015-02-22,590
2015-02-23,570
2015-02-24,627
2015-02-25,567
2015-02-26,513
2015-02-27,637
2015-02-28,544
2015-03-01,731
2015-03-02,656
2015-03-03,632
2015-03-04,558
2015-03-05,610
2015-03-06,708
2015-03-07,695
2015-03-08,625
2015-03-09,723
2015-03-10,750
2015-03-11,740
2015-03-12,747
2015-03-13,810
2015-03-14,796
2015-03-15,768
2015-03-16,776
2015-03-17,690
2015-03-18,686
2015-03-19,715
2015-03-20,774
2015-03-21,689
2015-03-22,654
2015-03-23,591
2015-03-24,637
2015-03-25,721
2015-03-26,681
2015-03-27,720
2015-03-28,656
2015-03-29,618
2015-03-30,713
2015-03-31,690
2015-04-01,889
2015-04-02,792
2015-04-03,706
2015-04-04,690
2015-04-05,670
2015-04-06,674
2015-04-07,602
2015-04-08,678
2015-04-09,642
2015-04-10,710
2015-04-11,719
2015-04-12,773
2015-04-13,731
2015-04-14,764
2015-04-15,791
2015-04-16,682
2015-04-17,784
2015-04-18,765
2015-04-19,702
2015-04-20,741
2015-04-21,661
2015-04-22,683
2015-04-23,730
2015-04-24,758
2015-04-25,695
2015-04-26,716
2015-04-27,717
2015-04-28,718
2015-04-29,764
2015-04-30,663
2015-05-01,917
2015-05-02,683
2015-05-03,743
2015-05-04,776
2015-05-05,693
2015-05-06,736
2015-05-07,817
2015-05-08,805
2015-05-09,685
2015-05-10,739
2015-05-11,739
2015-05-12,753
2015-05-13,765
2015-05-14,756
2015-05-15,815
2015-05-16,879
2015-05-17,835
2015-05-18,754
2015-05-19,706
2015-05-20,724
2015-05-21,741
2015-05-22,820
2015-05-23,796
2015-05-24,686
2015-05-25,707
2015-05-26,766
2015-05-27,734
2015-05-28,797
2015-05-29,823
2015-05-30,716
2015-05-31,664
2015-06-01,914
2015-06-02,768
2015-06-03,773
2015-06-04,721
2015-06-05,784
2015-06-06,755
2015-06-07,736
2015-06-08,680
2015-06-09,730
2015-06-10,784
2015-06-11,798
2015-06-12,825
2015-06-13,810
2015-06-14,794
2015-06-15,731
2015-06-16,846
2015-06-17,720
2015-06-18,766
2015-06-19,773
2015-06-20,765
2015-06-21,782
2015-06-22,779
2015-06-23,726
2015-06-24,728
2015-06-25,781
2015-06-26,780
2015-06-27,720
2015-06-28,797
2015-06-29,748
2015-06-30,745
2015-07-01,850
2015-07-02,753
2015-07-03,767
2015-07-04,842
2015-07-05,897
2015-07-06,752
2015-07-07,698
2015-07-08,712
2015-07-09,672
2015-07-10,736
2015-07-11,795
2015-07-12,799
2015-07-13,777
2015-07-14,710
2015-07-15,787
2015-07-16,665
2015-07-17,823
2015-07-18,775
2015-07-19,763
2015-07-20,777
2015-07-21,774
2015-07-22,770
2015-07-23,805
2015-07-24,866
2015-07-25,830
2015-07-26,802
2015-07-27,832
2015-07-28,764
2015-07-29,762
2015-07-30,771
2015-07-31,775
2015-08-01,1001
2015-08-02,818
2015-08-03,728
2015-08-04,760
2015-08-05,766
2015-08-06,806
2015-08-07,837
2015-08-08,847
2015-08-09,743
2015-08-10,805
2015-08-11,788
2015-08-12,758
2015-08-13,782
2015-08-14,802
2015-08-15,817
2015-08-16,865
2015-08-17,737
2015-08-18,760
2015-08-19,788
2015-08-20,834
2015-08-21,855
2015-08-22,845
2015-08-23,804
2015-08-24,724
2015-08-25,765
2015-08-26,786
2015-08-27,763
2015-08-28,802
2015-08-29,758
2015-08-30,799
2015-08-31,742
2015-09-01,913
2015-09-02,796
2015-09-03,873
2015-09-04,812
2015-09-05,760
2015-09-06,813
2015-09-07,806
2015-09-08,715
2015-09-09,708
2015-09-10,658
2015-09-11,687
2015-09-12,722
2015-09-13,735
2015-09-14,786
2015-09-15,804
2015-09-16,763
2015-09-17,716
2015-09-18,791
2015-09-19,787
2015-09-20,810
2015-09-21,734
2015-09-22,775
2015-09-23,830
2015-09-24,713
2015-09-25,806
2015-09-26,791
2015-09-27,800
2015-09-28,752
2015-09-29,666
2015-09-30,674
2015-10-01,853
2015-10-02,792
2015-10-03,706
2015-10-04,653
2015-10-05,748
2015-10-06,750
2015-10-07,717
2015-10-08,698
2015-10-09,790
2015-10-10,726
2015-10-11,736
2015-10-12,728
2015-10-13,738
2015-10-14,763
2015-10-15,805
2015-10-16,733
2015-10-17,705
2015-10-18,674
2015-10-19,784
2015-10-20,781
2015-10-21,791
2015-10-22,774
2015-10-23,777
2015-10-24,762
2015-10-25,728
2015-10-26,781
2015-10-27,647
2015-10-28,681
2015-10-29,666
2015-10-30,772
2015-10-31,720
2015-11-01,956
2015-11-02,781
2015-11-03,749
2015-11-04,788
2015-11-05,749
2015-11-06,745
2015-11-07,690
2015-11-08,704
2015-11-09,678
2015-11-10,638
2015-11-11,685
2015-11-12,692
2015-11-13,675
2015-11-14,695
2015-11-15,720
2015-11-16,740
2015-11-17,666
2015-11-18,681
2015-11-19,697
2015-11-20,710
2015-11-21,527
2015-11-22,518
2015-11-23,652
2015-11-24,606
2015-11-25,617
2015-11-26,586
2015-11-27,610
2015-11-28,657
2015-11-29,610
2015-11-30,664
2015-12-01,751
2015-12-02,708
2015-12-03,708
2015-12-04,698
2015-12-05,706
2015-12-06,685
2015-12-07,687
2015-12-08,723
2015-12-09,684
2015-12-10,689
2015-12-11,742
2015-12-12,749
2015-12-13,650
2015-12-14,738
2015-12-15,786
2015-12-16,718
2015-12-17,727
2015-12-18,647
2015-12-19,665
2015-12-20,691
2015-12-21,648
2015-12-22,689
2015-12-23,750
2015-12-24,672
2015-12-25,495
2015-12-26,637
2015-12-27,623
2015-12-28,512
2015-12-29,619
2015-12-30,600
2015-12-31,609
2016-01-01,913
2016-01-02,571
2016-01-03,616
2016-01-04,624
2016-01-05,619
2016-01-06,624
2016-01-07,705
2016-01-08,742
2016-01-09,646
2016-01-10,594
2016-01-11,511
2016-01-12,546
2016-01-13,649
2016-01-14,730
2016-01-15,726
2016-01-16,644
2016-01-17,534
2016-01-18,510
2016-01-19,608
2016-01-20,616
2016-01-21,626
2016-01-22,697
2016-01-23,719
2016-01-24,671
2016-01-25,740
2016-01-26,638
2016-01-27,668
2016-01-28,750
2016-01-29,742
2016-01-30,738
2016-01-31,658
2016-02-01,802
2016-02-02,611
2016-02-03,675
2016-02-04,666
2016-02-05,658
2016-02-06,691
2016-02-07,614
2016-02-08,565
2016-02-09,544
2016-02-10,563
2016-02-11,578
2016-02-12,642
2016-02-13,595
2016-02-14,513
2016-02-15,549
2016-02-16,619
2016-02-17,636
2016-02-18,679
2016-02-19,768
2016-02-20,699
2016-02-21,704
2016-02-22,634
2016-02-23,626
2016-02-24,578
2016-02-25,695
2016-02-26,735
2016-02-27,688
2016-02-28,620
2016-02-29,643
2016-03-01,767
2016-03-02,605
2016-03-03,610
2016-03-04,699
2016-03-05,694
2016-03-06,712
2016-03-07,791
2016-03-08,720
2016-03-09,674
2016-03-10,709
2016-03-11,731
2016-03-12,740
2016-03-13,624
2016-03-14,679
2016-03-15,702
2016-03-16,737
2016-03-17,732
2016-03-18,788
2016-03-19,697
2016-03-20,683
2016-03-21,696
2016-03-22,721
2016-03-23,681
2016-03-24,674
2016-03-25,714
2016-03-26,732
2016-03-27,629
2016-03-28,734
2016-03-29,736
2016-03-30,715
2016-03-31,752
2016-04-01,774
2016-04-02,647
2016-04-03,701
2016-04-04,652
2016-04-05,671
2016-04-06,659
2016-04-07,738
2016-04-08,619
2016-04-09,687
2016-04-10,702
2016-04-11,665
2016-04-12,690
2016-04-13,710
2016-04-14,688
2016-04-15,807
2016-04-16,726
2016-04-17,708
2016-04-18,734
2016-04-19,700
2016-04-20,680
2016-04-21,708
2016-04-22,726
2016-04-23,687
2016-04-24,745
2016-04-25,753
2016-04-26,688
2016-04-27,655
2016-04-28,729
2016-04-29,710
2016-04-30,603
2016-05-01,766
2016-05-02,749
2016-05-03,730
2016-05-04,673
2016-05-05,690
2016-05-06,791
2016-05-07,737
2016-05-08,723
2016-05-09,724
2016-05-10,706
2016-05-11,750
2016-05-12,686
2016-05-13,801
2016-05-14,718
2016-05-15,736
2016-05-16,779
2016-05-17,683
2016-05-18,795
2016-05-19,758
2016-05-20,803
2016-05-21,791
2016-05-22,748
2016-05-23,776
2016-05-24,797
2016-05-25,716
2016-05-26,765
2016-05-27,792
2016-05-28,789
2016-05-29,796
2016-05-30,815
2016-05-31,749
2016-06-01,854
2016-06-02,794
2016-06-03,814
2016-06-04,824
2016-06-05,773
2016-06-06,786
2016-06-07,749
2016-06-08,737
2016-06-09,722
2016-06-10,756
2016-06-11,812
2016-06-12,842
2016-06-13,791
2016-06-14,831
2016-06-15,771
2016-06-16,803
2016-06-17,815
2016-06-18,756
2016-06-19,806
2016-06-20,847
2016-06-21,816
2016-06-22,745
2016-06-23,794
2016-06-24,801
2016-06-25,808
2016-06-26,772
2016-06-27,766
2016-06-28,764
2016-06-29,799
2016-06-30,843
2016-07-01,903
2016-07-02,753
2016-07-03,778
2016-07-04,844
2016-07-05,889
2016-07-06,741
2016-07-07,782
2016-07-08,785
2016-07-09,724
2016-07-10,757
2016-07-11,698
2016-07-12,778
2016-07-13,723
2016-07-14,758
2016-07-15,835
2016-07-16,777
2016-07-17,785
2016-07-18,790
2016-07-19,787
2016-07-20,814
2016-07-21,776
2016-07-22,790
2016-07-23,809
2016-07-24,788
2016-07-25,823
2016-07-26,864
2016-07-27,792
2016-07-28,772
2016-07-29,800
2016-07-30,919
2016-07-31,812
2016-08-01,806
2016-08-02,779
2016-08-03,768
2016-08-04,788
2016-08-05,860
2016-08-06,823
2016-08-07,837
2016-08-08,799
2016-08-09,722
2016-08-10,712
2016-08-11,843
2016-08-12,740
2016-08-13,822
2016-08-14,840
2016-08-15,827
2016-08-16,809
2016-08-17,854
2016-08-18,755
2016-08-19,782
2016-08-20,837
2016-08-21,780
2016-08-22,719
2016-08-23,741
2016-08-24,815
2016-08-25,760
2016-08-26,792
2016-08-27,812
2016-08-28,804
2016-08-29,877
2016-08-30,749
2016-08-31,767
2016-09-01,907
2016-09-02,784
2016-09-03,819
2016-09-04,763
2016-09-05,809
2016-09-06,749
2016-09-07,706
2016-09-08,781
2016-09-09,803
2016-09-10,759
2016-09-11,751
2016-09-12,781
2016-09-13,779
2016-09-14,810
2016-09-15,811
2016-09-16,788
2016-09-17,825
2016-09-18,773
2016-09-19,709
2016-09-20,783
2016-09-21,718
2016-09-22,811
2016-09-23,830
2016-09-24,828
2016-09-25,804
2016-09-26,754
2016-09-27,724
2016-09-28,627
2016-09-29,694
2016-09-30,755
2016-10-01,770
2016-10-02,697
2016-10-03,768
2016-10-04,736
2016-10-05,790
2016-10-06,741
2016-10-07,844
2016-10-08,706
2016-10-09,681
2016-10-10,705
2016-10-11,685
2016-10-12,732
2016-10-13,679
2016-10-14,807
2016-10-15,803
2016-10-16,770
2016-10-17,801
2016-10-18,756
2016-10-19,700
2016-10-20,702
2016-10-21,747
2016-10-22,767
2016-10-23,775
2016-10-24,757
2016-10-25,730
2016-10-26,684
2016-10-27,724
2016-10-28,795
2016-10-29,828
2016-10-30,780
2016-10-31,854
2016-11-01,809
2016-11-02,730
2016-11-03,777
2016-11-04,773
2016-11-05,801
2016-11-06,741
2016-11-07,726
2016-11-08,629
2016-11-09,664
2016-11-10,698
2016-11-11,769
2016-11-12,761
2016-11-13,638
2016-11-14,661
2016-11-15,686
2016-11-16,753
2016-11-17,778
2016-11-18,775
2016-11-19,666
2016-11-20,633
2016-11-21,676
2016-11-22,703
2016-11-23,675
2016-11-24,528
2016-11-25,663
2016-11-26,699
2016-11-27,681
2016-11-28,684
2016-11-29,684
2016-11-30,679
2016-12-01,702
2016-12-02,801
2016-12-03,744
2016-12-04,585
2016-12-05,656
2016-12-06,674
2016-12-07,640
2016-12-08,585
2016-12-09,645
2016-12-10,597
2016-12-11,498
2016-12-12,597
2016-12-13,555
2016-12-14,586
2016-12-15,542
2016-12-16,644
2016-12-17,587
2016-12-18,512
2016-12-19,640
2016-12-20,666
2016-12-21,706
2016-12-22,672
2016-12-23,710
2016-12-24,586
2016-12-25,468
2016-12-26,630
2016-12-27,635
2016-12-28,698
2016-12-29,621
2016-12-30,716
2016-12-31,682
2017-01-01,753
2017-01-02,574
2017-01-03,675
2017-01-04,574
2017-01-05,558
2017-01-06,569
2017-01-07,593
2017-01-08,568
2017-01-09,676
2017-01-10,659
2017-01-11,633
2017-01-12,608
2017-01-13,743
2017-01-14,649
2017-01-15,600
2017-01-16,611
2017-01-17,659
2017-01-18,655
